"date";"year";"week";"ship_units";"clean_su";"ship_ma";"ship_ma30"
2015-03-25;2015;12;3;3;NA;NA
2015-03-26;2015;13;9;9;NA;NA
2015-04-08;2015;14;115;115;NA;NA
2015-04-09;2015;15;229;229;91.8571428571429;NA
2015-04-10;2015;15;98;98;105.142857142857;NA
2015-04-13;2015;15;120;120;122.142857142857;NA
2015-04-14;2015;15;69;69;122.571428571429;NA
2015-04-15;2015;15;96;96;122.285714285714;NA
2015-04-16;2015;16;128;128;126.142857142857;NA
2015-04-17;2015;16;118;118;132.571428571429;NA
2015-04-20;2015;16;227;227;137;NA
2015-04-21;2015;16;125;125;140.714285714286;NA
2015-04-22;2015;16;165;165;135;NA
2015-04-23;2015;17;100;100;133.571428571429;NA
2015-04-24;2015;17;122;122;114.857142857143;NA
2015-04-27;2015;17;88;88;110.142857142857;120.916666666667
2015-04-28;2015;17;108;108;104.142857142857;124.7
2015-04-29;2015;17;96;96;100;126.133333333333
2015-04-30;2015;18;92;92;107.428571428571;124.266666666667
2015-05-04;2015;18;123;123;116.285714285714;123.783333333333
2015-05-05;2015;18;71;71;108.857142857143;124.55
2015-05-06;2015;18;174;174;116;126.3
2015-05-07;2015;19;150;150;129.142857142857;128.6
2015-05-08;2015;19;56;56;131.714285714286;127.616666666667
2015-05-11;2015;19;146;146;140.714285714286;126.966666666667
2015-05-12;2015;19;184;184;135.285714285714;127.366666666667
2015-05-13;2015;19;141;141;135.571428571429;126.916666666667
2015-05-14;2015;20;134;134;143;126.716666666667
2015-05-15;2015;20;136;136;140.857142857143;126.05
2015-05-18;2015;20;152;152;125.857142857143;126.866666666667
2015-05-19;2015;20;108;108;127.571428571429;130.316666666667
2015-05-20;2015;20;131;131;129.142857142857;133.7
2015-05-21;2015;21;79;79;126.714285714286;135.95
2015-05-22;2015;21;153;153;130;137.65
2015-05-25;2015;21;145;145;132.857142857143;139.866666666667
2015-05-26;2015;21;119;119;119.428571428571;144.15
2015-05-27;2015;21;175;175;132.428571428571;145.75
2015-05-28;2015;22;128;128;139;143.583333333333
2015-05-29;2015;22;37;37;136.285714285714;143.5
2015-06-01;2015;22;170;170;141;143.866666666667
2015-06-02;2015;22;199;199;126.428571428571;141.683333333333
2015-06-03;2015;22;126;126;136.428571428571;141.116666666667
2015-06-04;2015;23;152;152;162.428571428571;143.166666666667
2015-06-05;2015;23;73;73;163.857142857143;144.816666666667
2015-06-08;2015;23;198;198;158.142857142857;146.15
2015-06-09;2015;23;219;219;158.857142857143;146.8
2015-06-10;2015;23;180;180;168.142857142857;146.9
2015-06-11;2015;24;159;159;191.142857142857;148.05
2015-06-12;2015;24;131;131;178.142857142857;148.5
2015-06-15;2015;24;217;217;159.285714285714;147.483333333333
2015-06-16;2015;24;234;234;149.857142857143;148.1
2015-06-17;2015;24;107;107;142.857142857143;148.55
2015-06-18;2015;25;87;87;136.857142857143;147.833333333333
2015-06-19;2015;25;114;114;134.714285714286;148.95
2015-06-23;2015;25;110;110;129.285714285714;150.45
2015-06-25;2015;26;89;89;138.714285714286;150.333333333333
2015-06-26;2015;26;202;202;154.142857142857;150.916666666667
2015-06-29;2015;26;196;196;152.714285714286;151.866666666667
2015-06-30;2015;26;173;173;157.142857142857;153.533333333333
2015-07-01;2015;26;195;195;164.142857142857;156.25
2015-07-02;2015;27;104;104;152.571428571429;154.783333333333
2015-07-03;2015;27;141;141;141.142857142857;150.366666666667
2015-07-06;2015;27;138;138;142.857142857143;147.966666666667
2015-07-07;2015;27;121;121;134.428571428571;149.033333333333
2015-07-08;2015;27;116;116;137.285714285714;148.6
2015-07-09;2015;28;185;185;132.571428571429;146.283333333333
2015-07-10;2015;28;136;136;139.857142857143;146.716666666667
2015-07-13;2015;28;124;124;147.285714285714;148.2
2015-07-14;2015;28;108;108;157.428571428571;148.9
2015-07-15;2015;28;189;189;152.142857142857;149.116666666667
2015-07-16;2015;29;173;173;158;150.05
2015-07-17;2015;29;187;187;177;149.466666666667
2015-07-20;2015;29;148;148;171.857142857143;147.533333333333
2015-07-21;2015;29;177;177;153.714285714286;146.933333333333
2015-07-22;2015;29;257;257;148;145.7
2015-07-23;2015;30;72;72;152.857142857143;144.916666666667
2015-07-24;2015;30;62;62;146.142857142857;146.083333333333
2015-07-27;2015;30;133;133;151;148.8
2015-07-28;2015;30;221;221;136.571428571429;152.15
2015-07-29;2015;30;101;101;144.428571428571;153.733333333333
2015-07-30;2015;31;211;211;152.142857142857;154.816666666667
2015-07-31;2015;31;156;156;150.428571428571;156.5
2015-08-03;2015;31;127;127;138;157.883333333333
2015-08-04;2015;31;116;116;141;161.033333333333
2015-08-05;2015;31;121;121;133.714285714286;160.666666666667
2015-08-06;2015;32;134;134;136.142857142857;158.316666666667
2015-08-07;2015;32;122;122;135.285714285714;158.85
2015-08-10;2015;32;160;160;137.428571428571;157.683333333333
2015-08-11;2015;32;173;173;146.428571428571;155.783333333333
2015-08-12;2015;32;121;121;164.142857142857;153.983333333333
2015-08-13;2015;33;131;131;175.571428571429;153.233333333333
2015-08-14;2015;33;184;184;171.285714285714;156.183333333333
2015-08-18;2015;33;258;258;180.285714285714;158.033333333333
2015-08-19;2015;33;202;202;189.571428571429;155.633333333333
2015-08-20;2015;34;130;130;193.285714285714;153.4
2015-08-21;2015;34;236;236;204.714285714286;151.45
2015-08-24;2015;34;186;186;169.428571428571;149.583333333333
2015-08-25;2015;34;157;157;170.571428571429;148.366666666667
2015-08-26;2015;34;264;264;178;149.1
2015-08-27;2015;35;11;11;156.142857142857;151.483333333333
2015-08-31;2015;35;210;210;147.857142857143;152.25
2015-09-01;2015;35;182;182;153.714285714286;153.5
2015-09-02;2015;35;83;83;128.285714285714;155.55
2015-09-03;2015;36;128;128;158.857142857143;156.716666666667
2015-09-04;2015;36;198;198;140.428571428571;158.466666666667
2015-09-07;2015;36;86;86;132.857142857143;161.083333333333
2015-09-08;2015;36;225;225;129.428571428571;162.633333333333
2015-09-09;2015;36;81;81;130.571428571429;161.616666666667
2015-09-10;2015;37;129;129;119.285714285714;159.2
2015-09-14;2015;37;59;59;120;159.8
2015-09-15;2015;37;136;136;115.857142857143;161.6
2015-09-16;2015;37;119;119;130.571428571429;161.366666666667
2015-09-17;2015;38;91;91;128.857142857143;159.983333333333
2015-09-18;2015;38;196;196;151;157.166666666667
2015-09-21;2015;38;184;184;158.857142857143;158.583333333333
2015-09-22;2015;38;117;117;172.142857142857;159
2015-09-23;2015;38;214;214;185.857142857143;156.1
2015-09-24;2015;39;191;191;189.571428571429;157.483333333333
2015-09-25;2015;39;212;212;189.857142857143;158.166666666667
2015-09-28;2015;39;187;187;201;157.783333333333
2015-09-29;2015;39;222;222;187.571428571429;158.3
2015-09-30;2015;39;186;186;195.714285714286;158.433333333333
2015-10-01;2015;40;195;195;197.714285714286;160.783333333333
2015-10-02;2015;40;120;120;197;161.516666666667
2015-10-05;2015;40;248;248;176.428571428571;162.5
2015-10-06;2015;40;226;226;174.714285714286;166.25
2015-10-07;2015;40;182;182;173.428571428571;167.966666666667
2015-10-08;2015;41;78;78;164.857142857143;169.85
2015-10-09;2015;41;174;174;152;170.516666666667
2015-10-13;2015;41;186;186;146.857142857143;167.366666666667
2015-10-14;2015;41;60;60;129.714285714286;164.55
2015-10-15;2015;42;158;158;153;163.733333333333
2015-10-16;2015;42;190;190;138.714285714286;162.783333333333
2015-10-18;2015;42;62;62;147.142857142857;160.55
2015-10-19;2015;42;241;241;167.428571428571;159.116666666667
2015-10-20;2015;42;74;74;152.285714285714;158.5
2015-10-21;2015;42;245;245;153;156.966666666667
2015-10-22;2015;43;202;202;176.285714285714;154.633333333333
2015-10-23;2015;43;52;52;160.857142857143;154.866666666667
2015-10-26;2015;43;195;195;177.428571428571;154.733333333333
2015-10-27;2015;43;225;225;162;151.333333333333
2015-10-28;2015;43;133;133;140.857142857143;149.983333333333
2015-10-29;2015;44;190;190;144.571428571429;151.016666666667
2015-10-30;2015;44;137;137;145.857142857143;150.933333333333
2015-11-02;2015;44;54;54;134.285714285714;148.4
2015-11-03;2015;44;78;78;133.142857142857;146.833333333333
2015-11-04;2015;44;204;204;132.857142857143;146.033333333333
2015-11-05;2015;45;144;144;139.571428571429;142.833333333333
2015-11-06;2015;45;125;125;150.714285714286;140.466666666667
2015-11-09;2015;45;188;188;155.142857142857;138.183333333333
2015-11-10;2015;45;184;184;157.428571428571;138.083333333333
2015-11-11;2015;45;132;132;156.857142857143;139.15
2015-11-12;2015;46;109;109;157.571428571429;137.8
2015-11-13;2015;46;220;220;158.857142857143;138.65
2015-11-16;2015;46;140;140;150.428571428571;138.266666666667
2015-11-17;2015;46;130;130;149;135.216666666667
2015-11-18;2015;46;197;197;145.714285714286;134
2015-11-19;2015;47;125;125;123.714285714286;134.833333333333
2015-11-20;2015;47;122;122;118.571428571429;136.45
2015-11-23;2015;47;86;86;107.428571428571;138.783333333333
2015-11-24;2015;47;66;66;87.5714285714286;141.7
2015-11-25;2015;47;104;104;85.1428571428571;142.133333333333
2015-11-26;2015;48;52;52;96.4285714285714;140.716666666667
2015-11-27;2015;48;58;58;110.142857142857;142.566666666667
2015-11-30;2015;48;108;108;127;144.4
2015-12-01;2015;48;201;201;129.428571428571;143.833333333333
2015-12-02;2015;48;182;182;136.714285714286;143.55
2015-12-03;2015;49;184;184;147.571428571429;142.066666666667
2015-12-04;2015;49;121;121;153.714285714286;137.383333333333
2015-12-05;2015;49;103;103;156.714285714286;133.683333333333
2015-12-07;2015;49;134;134;159.571428571429;132.066666666667
2015-12-09;2015;49;151;151;151.714285714286;130.233333333333
2015-12-10;2015;50;222;222;159.857142857143;129.316666666667
2015-12-11;2015;50;202;202;163.714285714286;129.35
2015-12-14;2015;50;129;129;163.571428571429;130.416666666667
2015-12-15;2015;50;178;178;177.285714285714;133.15
2015-12-16;2015;50;130;130;170.714285714286;135.616666666667
2015-12-17;2015;51;133;133;165;139.366666666667
2015-12-18;2015;51;247;247;166.142857142857;143.833333333333
2015-12-21;2015;51;176;176;142.857142857143;146.183333333333
2015-12-22;2015;51;162;162;129;145.933333333333
2015-12-23;2015;51;137;137;125;144.616666666667
2015-12-28;2015;52;15;15;99.4285714285714;144.4
2016-01-07;2016;1;33;33;95.5714285714286;145.416666666667
2016-01-08;2016;2;105;105;89.2857142857143;146.916666666667
2016-01-11;2016;2;68;68;88.4285714285714;146.866666666667
2016-01-12;2016;2;149;149;106.428571428571;146.3
2016-01-13;2016;2;118;118;126.714285714286;144.8
2016-01-14;2016;2;131;131;132.142857142857;142.316666666667
2016-01-15;2016;3;141;141;156.428571428571;140.9
2016-01-18;2016;3;175;175;155.142857142857;140.583333333333
2016-01-19;2016;3;143;143;162.142857142857;140.333333333333
2016-01-20;2016;3;238;238;161.571428571429;141.35
2016-01-21;2016;3;140;140;166.714285714286;140.55
2016-01-22;2016;4;167;167;166.857142857143;137.716666666667
2016-01-25;2016;4;127;127;173.571428571429;137.35
2016-01-26;2016;4;177;177;157.285714285714;138.7
2016-01-27;2016;4;176;176;153;140.583333333333
2016-01-28;2016;4;190;190;149.285714285714;144.316666666667
2016-01-29;2016;5;124;124;151.428571428571;149.133333333333
2016-02-01;2016;5;110;110;145.142857142857;152.116666666667
2016-02-02;2016;5;141;141;136.142857142857;152.983333333333
2016-02-03;2016;5;142;142;134;154.3
2016-02-04;2016;5;133;133;133.142857142857;155.983333333333
2016-02-05;2016;6;113;113;146.857142857143;155.066666666667
2016-02-09;2016;6;175;175;144.714285714286;153.216666666667
2016-02-10;2016;6;118;118;142.571428571429;152.416666666667
2016-02-11;2016;6;206;206;150.571428571429;151.266666666667
2016-02-12;2016;7;126;126;161.714285714286;150
2016-02-15;2016;7;127;127;147.285714285714;150.9
2016-02-16;2016;7;189;189;158.714285714286;153.466666666667
2016-02-17;2016;7;191;191;162;152.866666666667
2016-02-18;2016;7;74;74;161.571428571429;151.116666666667
2016-02-19;2016;8;198;198;164.285714285714;149.3
2016-02-22;2016;8;229;229;165.857142857143;149.066666666667
2016-02-23;2016;8;123;123;160;151.2
2016-02-24;2016;8;146;146;159;151.533333333333
2016-02-25;2016;8;200;200;150.428571428571;151.333333333333
2016-02-26;2016;9;150;150;136.571428571429;153.016666666667
2016-02-29;2016;9;67;67;144.714285714286;154.066666666667
2016-03-01;2016;9;138;138;141.285714285714;153.4
2016-03-02;2016;9;132;132;146.857142857143;153.266666666667
2016-03-03;2016;9;180;180;155.285714285714;153.55
2016-03-04;2016;10;122;122;154.142857142857;154.866666666667
2016-03-07;2016;10;239;239;161.428571428571;155.2
2016-03-08;2016;10;209;209;152.285714285714;154.466666666667
2016-03-09;2016;10;59;59;159.714285714286;153.033333333333
2016-03-10;2016;10;189;189;160.857142857143;154.483333333333
2016-03-11;2016;11;68;68;146.857142857143;156.566666666667
2016-03-14;2016;11;232;232;135.571428571429;156.35
2016-03-15;2016;11;130;130;162.285714285714;157.15
2016-03-16;2016;11;141;141;144.285714285714;158.433333333333
2016-03-17;2016;11;130;130;161;159.866666666667
2016-03-18;2016;12;246;246;142.142857142857;159.816666666667
2016-03-19;2016;12;63;63;158;161.45
2016-03-29;2016;13;185;185;162.142857142857;162.683333333333
2016-03-30;2016;13;100;100;158.285714285714;161.633333333333
2016-03-31;2016;13;241;241;147.285714285714;160.066666666667
2016-04-01;2016;14;170;170;156.142857142857;157.716666666667
2016-04-04;2016;14;103;103;162.142857142857;156.3
2016-04-05;2016;14;169;169;172.142857142857;154.25
2016-04-06;2016;14;125;125;172.571428571429;153.1
2016-04-07;2016;14;227;227;170.571428571429;153.666666666667
2016-04-08;2016;15;170;170;183;155.566666666667
2016-04-11;2016;15;244;244;193.428571428571;153.766666666667
2016-04-12;2016;15;156;156;190.571428571429;151.483333333333
2016-04-13;2016;15;190;190;188.142857142857;154.316666666667
2016-04-14;2016;15;242;242;173.714285714286;156.9
2016-04-15;2016;16;105;105;158.571428571429;158.35
2016-04-18;2016;16;210;210;147.714285714286;161.916666666667
2016-04-19;2016;16;69;69;132.142857142857;164.266666666667
2016-04-20;2016;16;138;138;125.428571428571;166.333333333333
2016-04-21;2016;16;80;80;129;169.966666666667
2016-04-22;2016;17;81;81;108.857142857143;170.416666666667
2016-04-25;2016;17;195;195;129.428571428571;171.55
2016-04-26;2016;17;130;130;132.285714285714;171.3
2016-04-27;2016;17;69;69;125.714285714286;169.466666666667
2016-04-28;2016;17;213;213;141.428571428571;169.983333333333
2016-04-29;2016;18;158;158;149.285714285714;171.316666666667
2016-04-30;2016;18;34;34;155.857142857143;172.466666666667
2016-05-02;2016;18;191;191;187;173.883333333333
2016-05-03;2016;18;250;250;190.285714285714;174.983333333333
2016-05-04;2016;18;176;176;189.571428571429;176.366666666667
2016-05-05;2016;18;287;287;221.285714285714;179.783333333333
2016-05-06;2016;19;236;236;237.285714285714;181.45
2016-05-09;2016;19;153;153;220.857142857143;181.833333333333
2016-05-10;2016;19;256;256;225.142857142857;183.216666666667
2016-05-11;2016;19;303;303;191.428571428571;185.45
2016-05-12;2016;19;135;135;176.714285714286;188.65
2016-05-13;2016;20;206;206;190.571428571429;189.766666666667
2016-05-16;2016;20;51;51;186.428571428571;189.266666666667
2016-05-17;2016;20;133;133;179.714285714286;191.3
2016-05-18;2016;20;250;250;193.142857142857;191.516666666667
2016-05-19;2016;20;227;227;189.857142857143;191.55
2016-05-20;2016;21;256;256;230;195.483333333333
2016-05-23;2016;21;229;229;242.428571428571;196.533333333333
2016-05-24;2016;21;183;183;234.571428571429;194.966666666667
2016-05-25;2016;21;332;332;217.428571428571;194.883333333333
2016-05-26;2016;21;220;220;207;193.1
2016-05-27;2016;22;195;195;198.428571428571;189.466666666667
2016-05-30;2016;22;107;107;198.571428571429;188.683333333333
2016-05-31;2016;22;183;183;173.857142857143;186.866666666667
2016-06-01;2016;22;169;169;161.857142857143;184.616666666667
2016-06-02;2016;22;184;184;160.428571428571;184.8
2016-06-03;2016;23;159;159;160.857142857143;184.75
2016-06-06;2016;23;136;136;172.285714285714;185.966666666667
2016-06-07;2016;23;185;185;171.714285714286;187.966666666667
2016-06-08;2016;23;110;110;163;186.066666666667
2016-06-09;2016;23;263;263;172.285714285714;180.983333333333
2016-06-10;2016;24;165;165;181;178.15
2016-06-13;2016;24;123;123;177.285714285714;175.733333333333
2016-06-14;2016;24;224;224;182.428571428571;172.816666666667
2016-06-15;2016;24;197;197;172.857142857143;169.816666666667
2016-06-16;2016;24;159;159;164.142857142857;167.183333333333
2016-06-17;2016;25;146;146;192.285714285714;167.55
2016-06-20;2016;25;196;196;178.714285714286;170.55
2016-06-21;2016;25;104;104;180.428571428571;171.516666666667
2016-06-22;2016;25;320;320;175;172.066666666667
2016-06-23;2016;25;129;129;180.285714285714;174.766666666667
2016-06-27;2016;26;209;209;164.571428571429;177.633333333333
2016-06-28;2016;26;121;121;162;180.25
2016-06-29;2016;26;183;183;148.714285714286;180.383333333333
2016-06-30;2016;26;86;86;146.428571428571;181
2016-07-01;2016;27;86;86;134.285714285714;180.133333333333
2016-07-04;2016;27;227;227;147.142857142857;176.883333333333
2016-07-05;2016;27;113;113;147.142857142857;177.216666666667
2016-07-06;2016;27;124;124;171.142857142857;176.9
2016-07-07;2016;27;211;211;191.428571428571;176.183333333333
2016-07-08;2016;28;183;183;176.142857142857;177.75
2016-07-11;2016;28;254;254;197.857142857143;177.083333333333
2016-07-12;2016;28;228;228;215.857142857143;175.566666666667
2016-07-13;2016;28;120;120;223.571428571429;175.716666666667
2016-07-14;2016;28;265;265;224.142857142857;175.3
2016-07-15;2016;29;250;250;208.142857142857;175.016666666667
2016-07-18;2016;29;265;265;202.714285714286;175.983333333333
2016-07-19;2016;29;187;187;204.285714285714;178.133333333333
2016-07-20;2016;29;142;142;181;179.55
2016-07-21;2016;29;190;190;174.714285714286;179.9
2016-07-22;2016;30;131;131;154.285714285714;180.916666666667
2016-07-25;2016;30;102;102;164.142857142857;180.633333333333
2016-07-26;2016;30;206;206;171.571428571429;181.283333333333
2016-07-27;2016;30;122;122;154.571428571429;182.083333333333
2016-07-28;2016;30;256;256;161.571428571429;180.016666666667
2016-07-29;2016;31;194;194;165.428571428571;178.95
2016-07-31;2016;31;71;71;174.571428571429;177.416666666667
2016-08-01;2016;31;180;180;180.285714285714;174.833333333333
2016-08-02;2016;31;129;129;177.142857142857;174.35
2016-08-03;2016;31;270;270;181.571428571429;171.85
2016-08-04;2016;31;162;162;194.857142857143;166.116666666667
2016-08-05;2016;32;234;234;187.142857142857;160.933333333333
2016-08-08;2016;32;225;225;184;159.083333333333
2016-08-09;2016;32;164;164;172.428571428571;160.683333333333
2016-08-10;2016;32;126;126;176.428571428571;161.4
2016-08-11;2016;32;107;107;156.571428571429;162.15
2016-08-12;2016;33;189;189;141;165.4
2016-08-16;2016;33;190;190;148.142857142857;165.216666666667
2016-08-17;2016;33;95;95;148.857142857143;164.3
2016-08-18;2016;33;116;116;161.571428571429;164.4
2016-08-19;2016;34;214;214;152.142857142857;162
2016-08-22;2016;34;131;131;141;160.3
2016-08-23;2016;34;196;196;135.857142857143;158.883333333333
2016-08-24;2016;34;123;123;140;158.216666666667
2016-08-25;2016;34;112;112;137.428571428571;158.583333333333
2016-08-27;2016;35;59;59;151.428571428571;158.033333333333
2016-08-29;2016;35;145;145;144.285714285714;155.333333333333
2016-08-30;2016;35;196;196;158.142857142857;152.5
2016-08-31;2016;35;229;229;171.857142857143;153.116666666667
2016-09-01;2016;35;146;146;176.142857142857;154.05
2016-09-02;2016;36;220;220;181.714285714286;155.433333333333
2016-09-05;2016;36;208;208;182.285714285714;157.133333333333
2016-09-06;2016;36;89;89;164.714285714286;157.25
2016-09-07;2016;36;184;184;152;158.95
2016-09-08;2016;36;200;200;136.142857142857;162.8
2016-09-09;2016;37;106;106;129.285714285714;164.666666666667
2016-09-10;2016;37;57;57;153.857142857143;166.783333333333
2016-09-12;2016;37;109;109;147.285714285714;166.95
2016-09-13;2016;37;160;160;132.428571428571;166.816666666667
2016-09-14;2016;37;261;261;144.857142857143;169.266666666667
2016-09-15;2016;37;138;138;170;171.5
2016-09-16;2016;38;96;96;170.571428571429;174.7
2016-09-19;2016;38;193;193;176.714285714286;175.35
2016-09-20;2016;38;233;233;167.285714285714;173.883333333333
2016-09-21;2016;38;113;113;174.857142857143;173.366666666667
2016-09-22;2016;38;203;203;189.142857142857;173.583333333333
2016-09-23;2016;39;195;195;196.714285714286;172.15
2016-09-26;2016;39;191;191;191.428571428571;172.5
2016-09-27;2016;39;196;196;214.714285714286;176.383333333333
2016-09-28;2016;39;246;246;194.428571428571;178.216666666667
2016-09-29;2016;39;196;196;202.285714285714;179.216666666667
2016-09-30;2016;40;276;276;193.857142857143;181.816666666667
2016-10-02;2016;40;61;61;190.571428571429;183.383333333333
2016-10-03;2016;40;250;250;187.285714285714;185.1
2016-10-04;2016;40;132;132;181.714285714286;184.383333333333
2016-10-05;2016;40;173;173;168;182.866666666667
2016-10-06;2016;40;223;223;182.714285714286;185.183333333333
2016-10-07;2016;41;157;157;177.714285714286;190.3
2016-10-10;2016;41;180;180;177;192.133333333333
2016-10-11;2016;41;164;164;179.571428571429;191.433333333333
2016-10-13;2016;41;215;215;192.714285714286;189.766666666667
2016-10-14;2016;42;127;127;195.857142857143;186.016666666667
2016-10-17;2016;42;191;191;196.857142857143;185.733333333333
2016-10-18;2016;42;315;315;192.285714285714;184.683333333333
2016-10-19;2016;42;179;179;179.857142857143;181.266666666667
2016-10-20;2016;42;187;187;196.571428571429;177.4
2016-10-21;2016;43;132;132;188.428571428571;171.916666666667
2016-10-24;2016;43;128;128;168.285714285714;170.916666666667
2016-10-25;2016;43;244;244;171.142857142857;170.766666666667
2016-10-26;2016;43;134;134;201.142857142857;168.266666666667
2016-10-27;2016;43;174;174;202.142857142857;169.15
2016-10-28;2016;44;199;199;207.428571428571;169.4
2016-11-02;2016;44;397;397;179.857142857143;168.05
2016-11-03;2016;44;139;139;178.142857142857;166.466666666667
2016-11-04;2016;45;165;165;188.571428571429;164.65
2016-11-06;2016;45;51;51;171.142857142857;161.583333333333
2016-11-07;2016;45;122;122;137.285714285714;160.416666666667
2016-11-08;2016;45;247;247;124.571428571429;161.7
2016-11-09;2016;45;77;77;114.285714285714;158.55
2016-11-10;2016;45;160;160;133.285714285714;155.716666666667
2016-11-11;2016;46;50;50;132.714285714286;154.25
2016-11-13;2016;46;93;93;113.714285714286;152.883333333333
2016-11-14;2016;46;184;184;137.571428571429;153.983333333333
2016-11-15;2016;46;118;118;138.571428571429;155.65
2016-11-16;2016;46;114;114;150.285714285714;157.533333333333
2016-11-17;2016;46;244;244;152.714285714286;157.633333333333
2016-11-18;2016;47;167;167;144.285714285714;155.05
2016-11-21;2016;47;132;132;137.428571428571;149.666666666667
2016-11-22;2016;47;110;110;150;147.4
2016-11-23;2016;47;125;125;142.714285714286;148.916666666667
2016-11-24;2016;47;70;70;136.571428571429;151.55
2016-11-25;2016;48;202;202;146.285714285714;155.333333333333
2016-11-28;2016;48;193;193;141.714285714286;154.5
2016-11-29;2016;48;124;124;146.571428571429;154.35
2016-11-30;2016;48;200;200;160.428571428571;155.833333333333
2016-12-01;2016;48;78;78;175.142857142857;157.066666666667
2016-12-02;2016;49;159;159;174.142857142857;157.716666666667
2016-12-05;2016;49;167;167;174.714285714286;153.533333333333
2016-12-06;2016;49;305;305;159;148.666666666667
2016-12-07;2016;49;186;186;174;145.966666666667
2016-12-09;2016;50;128;128;182.285714285714;143.1
2016-12-12;2016;50;90;90;183.857142857143;140.5
2016-12-13;2016;50;183;183;168.285714285714;140.05
2016-12-14;2016;50;217;217;170.857142857143;140.95
2016-12-15;2016;50;178;178;169;141.716666666667
2016-12-16;2016;51;196;196;184.714285714286;143.816666666667
2016-12-19;2016;51;204;204;176.571428571429;145.4
2016-12-20;2016;51;115;115;168.142857142857;143.816666666667
2016-12-21;2016;51;200;200;146.142857142857;143.033333333333
2016-12-22;2016;51;126;126;118.428571428571;143.283333333333
2016-12-23;2016;52;158;158;90.4285714285714;144.05
2016-12-27;2016;52;24;24;82.8571428571429;145.15
2016-12-28;2016;52;2;2;72;145.883333333333
2017-01-06;2017;1;8;8;72.7142857142857;143.333333333333
2017-01-09;2017;2;62;62;70.2857142857143;141.7
2017-01-10;2017;2;124;124;89;143.933333333333
2017-01-11;2017;2;131;131;106.714285714286;146.266666666667
2017-01-12;2017;2;141;141;133.428571428571;147.883333333333
2017-01-13;2017;2;155;155;149.142857142857;147.333333333333
2017-01-16;2017;3;126;126;149.714285714286;146.65
2017-01-17;2017;3;195;195;151.285714285714;144.55
2017-01-18;2017;3;172;172;159.285714285714;141.866666666667
2017-01-19;2017;3;128;128;155.285714285714;141.716666666667
2017-01-20;2017;3;142;142;162.428571428571;141.683333333333
2017-01-23;2017;4;197;197;162.285714285714;140.2
2017-01-24;2017;4;127;127;155.571428571429;137.683333333333
2017-01-25;2017;4;176;176;175.571428571429;139.35
2017-01-26;2017;4;194;194;181;143.65
2017-01-27;2017;4;125;125;178.285714285714;146.583333333333
2017-01-30;2017;5;268;268;187.571428571429;149.033333333333
2017-01-31;2017;5;180;180;187.428571428571;149.383333333333
2017-02-01;2017;5;178;178;185.285714285714;148.05
2017-02-02;2017;5;192;192;177.285714285714;146.283333333333
2017-02-03;2017;5;175;175;163.285714285714;146.233333333333
2017-02-06;2017;6;179;179;157.571428571429;146.916666666667
2017-02-07;2017;6;69;69;156.857142857143;145.3
2017-02-08;2017;6;170;170;138.571428571429;142.166666666667
2017-02-09;2017;6;140;140;123.428571428571;139.966666666667
2017-02-10;2017;6;173;173;128.285714285714;139.133333333333
2017-02-13;2017;7;64;64;128.571428571429;139.533333333333
2017-02-14;2017;7;69;69;120.714285714286;143
2017-02-15;2017;7;213;213;115.285714285714;147.35
2017-02-16;2017;7;71;71;105.571428571429;147.633333333333
2017-02-17;2017;7;115;115;106.428571428571;147.483333333333
2017-02-20;2017;8;102;102;110.285714285714;148
2017-02-21;2017;8;105;105;108;147.016666666667
2017-02-22;2017;8;70;70;115.714285714286;146.183333333333
2017-02-23;2017;8;96;96;113.428571428571;143.766666666667
2017-02-24;2017;8;197;197;110.285714285714;140.95
2017-02-27;2017;9;125;125;107.857142857143;137.283333333333
2017-02-28;2017;9;99;99;116.714285714286;135.566666666667
2017-03-01;2017;9;80;80;136;135.816666666667
2017-03-02;2017;9;88;88;150.857142857143;134.783333333333
2017-03-03;2017;9;132;132;170.571428571429;133.633333333333
2017-03-06;2017;10;231;231;174.142857142857;133.4
2017-03-07;2017;10;301;301;189.285714285714;135.05
2017-03-08;2017;10;263;263;210.714285714286;133.833333333333
2017-03-09;2017;10;124;124;213.428571428571;132.6
2017-03-10;2017;10;186;186;202.857142857143;133.333333333333
2017-03-13;2017;11;238;238;169.571428571429;135.616666666667
2017-03-14;2017;11;151;151;150.571428571429;138.283333333333
2017-03-15;2017;11;157;157;133.428571428571;141.066666666667
2017-03-16;2017;11;68;68;127;143.966666666667
2017-03-17;2017;11;130;130;109.142857142857;143.35
2017-03-20;2017;12;4;4;106.857142857143;143.266666666667
2017-03-21;2017;12;141;141;100;145.383333333333
2017-03-22;2017;12;113;113;106.571428571429;149.066666666667
2017-03-23;2017;12;135;135;104.857142857143;152.95
2017-03-24;2017;12;109;109;117.285714285714;155.2
2017-03-27;2017;13;114;114;114.142857142857;154.333333333333
2017-03-28;2017;13;118;118;113.857142857143;149.883333333333
2017-03-29;2017;13;91;91;129.285714285714;144.85
2017-03-30;2017;13;119;119;131.428571428571;144.616666666667
2017-03-31;2017;13;111;111;146.285714285714;146.616666666667
2017-04-03;2017;14;243;243;146.857142857143;146.5
2017-04-04;2017;14;124;124;153;147.083333333333
2017-04-05;2017;14;218;218;162.142857142857;147.55
2017-04-06;2017;14;122;122;170.285714285714;150.2
2017-04-07;2017;14;134;134;168.714285714286;154.866666666667
2017-04-10;2017;15;183;183;175.142857142857;160.366666666667
2017-04-11;2017;15;168;168;170.571428571429;164.366666666667
2017-04-12;2017;15;232;232;171;165.466666666667
2017-04-13;2017;15;169;169;171.857142857143;167.45
2017-04-18;2017;16;186;186;163.142857142857;170.55
2017-04-19;2017;16;125;125;175;173.183333333333
2017-04-20;2017;16;140;140;167.428571428571;173.133333333333
2017-04-21;2017;16;122;122;177.285714285714;171.683333333333
2017-04-24;2017;17;251;251;177.285714285714;171.816666666667
2017-04-25;2017;17;179;179;180.857142857143;173.383333333333
2017-04-26;2017;17;238;238;194.285714285714;170.983333333333
2017-04-27;2017;17;186;186;211.714285714286;169.566666666667
2017-04-28;2017;17;150;150;207.285714285714;168.85
2017-05-02;2017;18;234;234;205.285714285714;167.866666666667
2017-05-03;2017;18;244;244;193.428571428571;169.05
2017-05-04;2017;18;220;220;197.142857142857;170.983333333333
2017-05-05;2017;18;165;165;206.857142857143;171.583333333333
2017-05-08;2017;19;155;155;196.714285714286;171.416666666667
2017-05-09;2017;19;212;212;171.285714285714;174.5
2017-05-10;2017;19;218;218;147.857142857143;177.233333333333
2017-05-11;2017;19;163;163;147.428571428571;178.483333333333
2017-05-12;2017;19;66;66;148.428571428571;178.2
2017-05-14;2017;20;56;56;125;177.683333333333
2017-05-15;2017;20;162;162;127.285714285714;175.633333333333
2017-05-16;2017;20;162;162;113.285714285714;173.583333333333
2017-05-17;2017;20;48;48;134.714285714286;173.166666666667
2017-05-18;2017;20;234;234;142.571428571429;172.75
2017-05-19;2017;20;65;65;165.428571428571;172.966666666667
2017-05-22;2017;21;216;216;151.571428571429;170.35
2017-05-23;2017;21;111;111;191.142857142857;166.116666666667
2017-05-24;2017;21;322;322;195;166.483333333333
2017-05-25;2017;21;65;65;222.571428571429;169.3
2017-05-29;2017;22;325;325;210;170.933333333333
2017-05-30;2017;22;261;261;211.285714285714;170.533333333333
2017-05-31;2017;22;258;258;181.142857142857;170.383333333333
2017-06-01;2017;22;128;128;191.714285714286;171.883333333333
2017-06-02;2017;22;120;120;169.285714285714;174.483333333333
2017-06-03;2017;22;111;111;164;177.216666666667
2017-06-05;2017;23;139;139;152.142857142857;178.283333333333
2017-06-06;2017;23;168;168;158.714285714286;179.066666666667
2017-06-07;2017;23;224;224;149.142857142857;181.683333333333
2017-06-08;2017;23;175;175;157.714285714286;181.5
2017-06-09;2017;23;174;174;182.857142857143;181.233333333333
2017-06-10;2017;23;53;53;193;180.45
2017-06-12;2017;24;171;171;186.571428571429;176.766666666667
2017-06-13;2017;24;315;315;185;174.083333333333
2017-06-14;2017;24;239;239;196.857142857143;176.7
2017-06-15;2017;24;179;179;219.857142857143;179.1
2017-06-16;2017;24;164;164;219.857142857143;176.516666666667
2017-06-19;2017;25;257;257;191.285714285714;174.333333333333
2017-06-20;2017;25;214;214;181;174.316666666667
2017-06-21;2017;25;171;171;184.571428571429;177.766666666667
2017-06-22;2017;25;115;115;184.428571428571;179.266666666667
2017-06-23;2017;25;167;167;163.142857142857;179.05
2017-06-26;2017;26;204;204;157.571428571429;179.166666666667
2017-06-27;2017;26;163;163;141.571428571429;177.95
2017-06-28;2017;26;108;108;131.857142857143;177.533333333333
2017-06-29;2017;26;175;175;140.142857142857;177.883333333333
2017-06-30;2017;26;59;59;156.571428571429;179.766666666667
2017-07-02;2017;27;47;47;164;181
2017-07-03;2017;27;225;225;179.428571428571;177.866666666667
2017-07-04;2017;27;319;319;179;175.066666666667
2017-07-05;2017;27;215;215;201;173.5
2017-07-06;2017;27;216;216;228.857142857143;175.216666666667
2017-07-07;2017;27;172;172;208;178.166666666667
2017-07-10;2017;28;213;213;185;180.4
2017-07-11;2017;28;242;242;176.571428571429;183.316666666667
2017-07-12;2017;28;79;79;169;185.166666666667
2017-07-13;2017;28;158;158;174.571428571429;186.85
2017-07-14;2017;28;156;156;166.857142857143;185.5
2017-07-17;2017;29;163;163;158.142857142857;181.533333333333
2017-07-18;2017;29;211;211;163.571428571429;179.5
2017-07-19;2017;29;159;159;166.857142857143;179.55
2017-07-20;2017;29;181;181;173.857142857143;180.566666666667
2017-07-21;2017;29;117;117;167.571428571429;183.716666666667
2017-07-24;2017;30;181;181;184.142857142857;185.033333333333
2017-07-25;2017;30;205;205;200.142857142857;181.35
2017-07-26;2017;30;119;119;222;178.733333333333
2017-07-27;2017;30;327;327;237.571428571429;177.933333333333
2017-07-28;2017;30;271;271;236.142857142857;177.933333333333
2017-07-31;2017;31;334;334;237.142857142857;177.983333333333
2017-08-01;2017;31;226;226;231.285714285714;176.766666666667
2017-08-02;2017;31;171;171;191.857142857143;177.716666666667
2017-08-03;2017;31;212;212;167.142857142857;179.416666666667
2017-08-04;2017;31;78;78;146.285714285714;179.966666666667
2017-08-05;2017;31;51;51;129.285714285714;178.283333333333
2017-08-07;2017;32;98;98;131.714285714286;177.05
2017-08-08;2017;32;188;188;124.714285714286;178.1
2017-08-09;2017;32;107;107;136.428571428571;178.316666666667
2017-08-10;2017;32;188;188;160.142857142857;178.383333333333
2017-08-11;2017;32;163;163;169.857142857143;176.533333333333
2017-08-14;2017;33;160;160;174.714285714286;174.683333333333
2017-08-16;2017;33;217;217;183.142857142857;175.35
2017-08-17;2017;33;166;166;187.142857142857;171.6
2017-08-18;2017;33;222;222;187;165.666666666667
2017-08-21;2017;34;166;166;189.428571428571;160.4
2017-08-22;2017;34;216;216;182.714285714286;154.05
2017-08-23;2017;34;162;162;165.857142857143;150.333333333333
2017-08-24;2017;34;177;177;170.142857142857;149.9
2017-08-25;2017;34;170;170;172.285714285714;151.283333333333
2017-08-27;2017;35;48;48;166;154.233333333333
2017-08-28;2017;35;252;252;161.428571428571;157.316666666667
2017-08-29;2017;35;181;181;144.285714285714;158.983333333333
2017-08-30;2017;35;172;172;151.142857142857;160.566666666667
2017-08-31;2017;35;130;130;165.142857142857;163.016666666667
2017-09-02;2017;35;57;57;139.857142857143;165.083333333333
2017-09-04;2017;36;218;218;137.857142857143;165.7
2017-09-05;2017;36;146;146;130.714285714286;163.983333333333
2017-09-06;2017;36;75;75;120.285714285714;161.566666666667
2017-09-07;2017;36;167;167;128.857142857143;159.55
2017-09-08;2017;36;122;122;132;157.766666666667
2017-09-11;2017;37;57;57;130.142857142857;154.633333333333
2017-09-12;2017;37;117;117;144.142857142857;151.033333333333
2017-09-13;2017;37;240;240;143.285714285714;148.95
2017-09-14;2017;37;133;133;158;147.6
2017-09-15;2017;37;173;173;173.428571428571;147.916666666667
2017-09-18;2017;38;161;161;196.285714285714;147.783333333333
2017-09-19;2017;38;225;225;190.285714285714;146.8
2017-09-20;2017;38;165;165;194.428571428571;147.133333333333
2017-09-21;2017;38;277;277;185.714285714286;149.05
2017-09-22;2017;38;198;198;180.714285714286;153.316666666667
2017-09-25;2017;39;162;162;168.714285714286;156.05
2017-09-26;2017;39;112;112;165.142857142857;156
2017-09-27;2017;39;126;126;133.285714285714;157.816666666667
2017-09-28;2017;39;141;141;120.428571428571;159.6
2017-09-29;2017;39;140;140;112.428571428571;158.833333333333
2017-10-01;2017;40;54;54;119.285714285714;160.316666666667
2017-10-02;2017;40;108;108;112.285714285714;164.583333333333
2017-10-03;2017;40;106;106;122.857142857143;163.366666666667
2017-10-04;2017;40;160;160;125.571428571429;161.066666666667
2017-10-05;2017;40;77;77;148.428571428571;162.566666666667
2017-10-06;2017;40;215;215;162;161.533333333333
2017-10-09;2017;41;159;159;181.142857142857;159.55
2017-10-10;2017;41;214;214;186.714285714286;160.733333333333
2017-10-11;2017;41;203;203;198.857142857143;158.333333333333
2017-10-16;2017;42;240;240;192.142857142857;155.1
2017-10-17;2017;42;199;199;195.285714285714;154.75
2017-10-18;2017;42;162;162;173.571428571429;154.9
2017-10-19;2017;42;168;168;174;158.8
2017-10-20;2017;42;181;181;171.714285714286;160.466666666667
2017-10-21;2017;42;62;62;151.857142857143;160.766666666667
2017-10-23;2017;43;206;206;153.714285714286;164.35
2017-10-24;2017;43;224;224;161.285714285714;168.416666666667
2017-10-25;2017;43;60;60;142.714285714286;171.616666666667
2017-10-26;2017;43;175;175;164.714285714286;173.816666666667
2017-10-27;2017;43;221;221;170.285714285714;176.516666666667
2017-10-29;2017;44;51;51;145.857142857143;177.9
2017-10-30;2017;44;216;216;169.857142857143;175.8
2017-10-31;2017;44;245;245;160.714285714286;173.916666666667
2017-11-01;2017;44;53;53;153.714285714286;173.283333333333
2017-11-02;2017;44;228;228;189.285714285714;171.983333333333
2017-11-03;2017;44;111;111;168;169.95
2017-11-06;2017;45;172;172;166.142857142857;168.55
2017-11-07;2017;45;300;300;183.857142857143;170.116666666667
2017-11-08;2017;45;67;67;184;171.6
2017-11-09;2017;45;232;232;193.428571428571;173.033333333333
2017-11-10;2017;45;177;177;200.428571428571;174.75
2017-11-13;2017;46;229;229;183;172.883333333333
2017-11-14;2017;46;177;177;201.571428571429;174.416666666667
2017-11-15;2017;46;221;221;175.714285714286;178.566666666667
2017-11-16;2017;46;178;178;180.285714285714;178.566666666667
2017-11-17;2017;46;197;197;171.857142857143;177.066666666667
2017-11-19;2017;47;51;51;174.428571428571;175.45
2017-11-20;2017;47;209;209;160.285714285714;173.6
2017-11-21;2017;47;170;170;157;174.45
2017-11-22;2017;47;195;195;167.285714285714;175.483333333333
2017-11-23;2017;47;122;122;184.142857142857;175.533333333333
2017-11-24;2017;47;155;155;177.142857142857;177.033333333333
2017-11-27;2017;48;269;269;183;176
2017-11-28;2017;48;169;169;170.428571428571;176.8
2017-11-29;2017;48;160;160;191.428571428571;176.716666666667
2017-11-30;2017;48;211;211;200;175.416666666667
2017-12-01;2017;48;107;107;187.428571428571;175.016666666667
2017-12-04;2017;49;269;269;163.428571428571;172.433333333333
2017-12-05;2017;49;215;215;164.714285714286;169.783333333333
2017-12-07;2017;49;181;181;160.428571428571;168.583333333333
2017-12-10;2017;50;1;1;169.142857142857;167.85
2017-12-11;2017;50;169;169;155.714285714286;169.483333333333
2017-12-12;2017;50;181;181;148.857142857143;172.483333333333
2017-12-13;2017;50;168;168;152.428571428571;173.65
2017-12-14;2017;50;175;175;181.428571428571;175.083333333333
2017-12-15;2017;50;167;167;187.428571428571;178.05
2017-12-18;2017;51;206;206;173.428571428571;182.483333333333
2017-12-19;2017;51;204;204;184.857142857143;182.766666666667
2017-12-20;2017;51;211;211;179;180.3
2017-12-21;2017;51;83;83;171.857142857143;178.216666666667
2017-12-22;2017;51;248;248;159.857142857143;174.383333333333
2017-12-29;2017;52;134;134;160;172.683333333333
2018-01-02;2018;1;117;117;147.857142857143;172.75
2018-01-03;2018;1;122;122;167.428571428571;169.216666666667
2018-01-04;2018;1;205;205;163.428571428571;165.55
2018-01-08;2018;2;126;126;177;167.116666666667
2018-01-09;2018;2;220;220;192;170.433333333333
2018-01-10;2018;2;220;220;213.571428571429;173.033333333333
2018-01-11;2018;2;229;229;222.857142857143;173.9
2018-01-12;2018;2;222;222;229.285714285714;174.233333333333
2018-01-15;2018;3;273;273;214.857142857143;175.216666666667
2018-01-16;2018;3;270;270;195.571428571429;174.7
2018-01-17;2018;3;171;171;170.857142857143;172.133333333333
2018-01-18;2018;3;119;119;162;168.483333333333
2018-01-19;2018;3;85;85;154.428571428571;166.766666666667
2018-01-21;2018;3;56;56;123.285714285714;164.116666666667
2018-01-22;2018;4;160;160;116.571428571429;161.316666666667
2018-01-23;2018;4;220;220;121.285714285714;160.733333333333
2018-01-24;2018;4;52;52;140.142857142857;160.833333333333
2018-01-25;2018;4;124;124;173.428571428571;160.25
2018-01-26;2018;4;152;152;166.571428571429;160.616666666667
2018-01-29;2018;5;217;217;171;159.75
2018-01-30;2018;5;289;289;185;155.183333333333
2018-01-31;2018;5;112;112;194.714285714286;151.7
2018-02-01;2018;5;251;251;182.142857142857;150.7
2018-02-02;2018;5;150;150;170;146.866666666667
2018-02-05;2018;6;192;192;137.142857142857;140.466666666667
2018-02-06;2018;6;64;64;137.285714285714;137.95
2018-02-07;2018;6;132;132;115.857142857143;138.933333333333
2018-02-08;2018;6;59;59;110.857142857143;142.916666666667
2018-02-09;2018;6;113;113;102;148.566666666667
2018-02-13;2018;7;101;101;116;149.9
2018-02-14;2018;7;115;115;124.428571428571;146.15
2018-02-15;2018;7;130;130;130.714285714286;144.833333333333
2018-02-16;2018;7;162;162;123.571428571429;146.433333333333
2018-02-19;2018;8;191;191;134.428571428571;146.916666666667
2018-02-20;2018;8;103;103;148.571428571429;147.866666666667
2018-02-21;2018;8;63;63;137.285714285714;147.133333333333
2018-02-22;2018;8;177;177;129.571428571429;147.283333333333
2018-02-23;2018;8;214;214;128.285714285714;148.5
2018-02-25;2018;8;51;51;137.428571428571;149.166666666667
2018-02-26;2018;9;108;108;167.857142857143;150.55
2018-02-27;2018;9;182;182;171.714285714286;152.566666666667
2018-02-28;2018;9;167;167;154.285714285714;154.8
2018-03-01;2018;9;276;276;156;157.966666666667
2018-03-02;2018;9;204;204;159.142857142857;161.466666666667
2018-03-05;2018;10;92;92;153.428571428571;163.366666666667
2018-03-06;2018;10;63;63;152.857142857143;166.133333333333
2018-03-07;2018;10;130;130;151;169
2018-03-08;2018;10;142;142;150.285714285714;169.483333333333
2018-03-09;2018;10;163;163;167.285714285714;169.616666666667
2018-03-12;2018;11;263;263;190.428571428571;171.533333333333
2018-03-13;2018;11;199;199;202.714285714286;173.3
2018-03-14;2018;11;211;211;212.285714285714;172.733333333333
2018-03-15;2018;11;225;225;213;170.883333333333
2018-03-16;2018;11;216;216;198.571428571429;171.383333333333
2018-03-19;2018;12;209;209;201.428571428571;172.7
2018-03-20;2018;12;168;168;194.571428571429;170.633333333333
2018-03-21;2018;12;162;162;186;171.466666666667
2018-03-22;2018;12;219;219;186.142857142857;172.5
2018-03-23;2018;12;163;163;184.857142857143;170.283333333333
2018-03-26;2018;13;165;165;178.142857142857;171.6
2018-03-27;2018;13;217;217;189.285714285714;176.433333333333
2018-04-03;2018;14;200;200;182.142857142857;181.466666666667
2018-04-04;2018;14;121;121;173.571428571429;184.25
2018-04-05;2018;14;240;240;164.714285714286;188.116666666667
2018-04-06;2018;14;169;169;159;191.3
2018-04-09;2018;15;103;103;147.285714285714;191.833333333333
2018-04-10;2018;15;103;103;147.142857142857;191.933333333333
2018-04-11;2018;15;177;177;119.428571428571;191.083333333333
2018-04-12;2018;15;118;118;145.714285714286;188.416666666667
2018-04-13;2018;15;120;120;152.714285714286;186.033333333333
2018-04-15;2018;15;46;46;165.857142857143;186.966666666667
2018-04-16;2018;16;353;353;166.285714285714;190.35
2018-04-17;2018;16;152;152;187.285714285714;191.516666666667
2018-04-18;2018;16;195;195;203;188.933333333333
2018-04-19;2018;16;180;180;226.285714285714;186.75
2018-04-20;2018;16;265;265;222.714285714286;186.633333333333
2018-04-23;2018;17;230;230;242.285714285714;186.116666666667
2018-04-24;2018;17;209;209;243.714285714286;186.883333333333
2018-04-25;2018;17;328;328;248.142857142857;186.15
2018-04-26;2018;17;289;289;235.142857142857;185.383333333333
2018-04-27;2018;17;205;205;217.571428571429;188.466666666667
2018-05-02;2018;18;211;211;212.714285714286;192.366666666667
2018-05-03;2018;18;174;174;202.714285714286;196.083333333333
2018-05-04;2018;18;107;107;200.714285714286;197.45
2018-05-07;2018;19;175;175;196.571428571429;196.283333333333
2018-05-08;2018;19;258;258;173.714285714286;197.05
2018-05-09;2018;19;275;275;169.714285714286;195.133333333333
2018-05-10;2018;19;176;176;187.142857142857;192.533333333333
2018-05-13;2018;19;51;51;184.571428571429;193.033333333333
2018-05-14;2018;20;146;146;177.714285714286;192.066666666667
2018-05-15;2018;20;229;229;153.714285714286;189.133333333333
2018-05-16;2018;20;157;157;165.142857142857;186.316666666667
2018-05-17;2018;20;210;210;186.571428571429;187.1
2018-05-18;2018;20;107;107;199.857142857143;185.316666666667
2018-05-21;2018;21;256;256;204.857142857143;179.566666666667
2018-05-22;2018;21;201;201;198.571428571429;176.35
2018-05-23;2018;21;239;239;176.428571428571;175.416666666667
2018-05-24;2018;21;264;264;183.571428571429;175.85
2018-05-25;2018;21;113;113;165.142857142857;179.633333333333
2018-05-27;2018;21;55;55;168.142857142857;182.133333333333
2018-05-28;2018;22;157;157;156.142857142857;178.55
2018-05-29;2018;22;127;127;141.571428571429;173.133333333333
2018-05-30;2018;22;222;222;140.714285714286;171.566666666667
2018-05-31;2018;22;155;155;164.142857142857;175.066666666667
2018-06-01;2018;22;162;162;179.857142857143;178.666666666667
2018-06-04;2018;23;107;107;185;177.566666666667
2018-06-05;2018;23;219;219;168.857142857143;176.166666666667
2018-06-06;2018;23;267;267;174.142857142857;176.433333333333
2018-06-07;2018;23;163;163;175;177.55
2018-06-08;2018;23;109;109;194.428571428571;177.316666666667
2018-06-11;2018;24;192;192;201;175.65
2018-06-12;2018;24;168;168;186.714285714286;175.25
2018-06-13;2018;24;243;243;170.714285714286;175.766666666667
2018-06-14;2018;24;265;265;177.571428571429;178.083333333333
2018-06-15;2018;24;167;167;178.714285714286;181.816666666667
2018-06-17;2018;24;51;51;188.571428571429;184.65
2018-06-18;2018;25;157;157;179;184.433333333333
2018-06-19;2018;25;200;200;160.142857142857;182.366666666667
2018-06-20;2018;25;237;237;160.428571428571;183.183333333333
2018-06-21;2018;25;176;176;183.714285714286;185.116666666667
2018-06-22;2018;25;133;133;185.571428571429;190.466666666667
2018-06-25;2018;26;169;169;182.571428571429;195.666666666667
2018-06-26;2018;26;214;214;174.142857142857;195.716666666667
2018-06-27;2018;26;170;170;183;195.85
2018-06-28;2018;26;179;179;206.285714285714;197.35
2018-06-29;2018;26;178;178;213.571428571429;197.316666666667
2018-07-02;2018;27;238;238;207.571428571429;195.016666666667
2018-07-03;2018;27;296;296;213.285714285714;193.933333333333
2018-07-04;2018;27;220;220;196.428571428571;191.216666666667
2018-07-05;2018;27;172;172;194.428571428571;188.65
2018-07-06;2018;27;210;210;197.857142857143;192.35
2018-07-08;2018;27;61;61;180;195.6
2018-07-09;2018;28;164;164;208.428571428571;194.3
2018-07-10;2018;28;262;262;215.142857142857;192.333333333333
2018-07-11;2018;28;171;171;223.714285714286;190
2018-07-12;2018;28;419;419;239;190.233333333333
2018-07-13;2018;28;219;219;243.285714285714;191.383333333333
2018-07-16;2018;29;270;270;220.857142857143;188.5
2018-07-17;2018;29;168;168;213.142857142857;186.383333333333
2018-07-18;2018;29;194;194;186;187.716666666667
2018-07-19;2018;29;105;105;171.285714285714;189.15
2018-07-20;2018;29;117;117;155.857142857143;187.866666666667
2018-07-23;2018;30;229;229;171.571428571429;183.516666666667
2018-07-24;2018;30;116;116;161.714285714286;180.766666666667
2018-07-25;2018;30;162;162;168.714285714286;181.183333333333
2018-07-26;2018;30;278;278;175.571428571429;181.733333333333
2018-07-27;2018;30;125;125;158.285714285714;183.35
2018-07-30;2018;31;154;154;172.428571428571;187.083333333333
2018-07-31;2018;31;165;165;171.571428571429;187.533333333333
2018-08-01;2018;31;108;108;139.571428571429;186.3
2018-08-02;2018;31;215;215;150.714285714286;182.35
2018-08-03;2018;31;156;156;161;177.116666666667
2018-08-04;2018;31;54;54;168.428571428571;175.15
2018-08-06;2018;32;203;203;170.428571428571;174.083333333333
2018-08-07;2018;32;226;226;161.285714285714;174.2
2018-08-08;2018;32;217;217;167.571428571429;177.583333333333
2018-08-09;2018;32;122;122;190.857142857143;180.45
2018-08-10;2018;32;151;151;190.142857142857;179.25
2018-08-13;2018;33;200;200;182.142857142857;181.633333333333
2018-08-14;2018;33;217;217;191;187.15
2018-08-16;2018;33;198;198;198.428571428571;190.666666666667
2018-08-17;2018;33;170;170;203.285714285714;195.55
2018-08-20;2018;34;279;279;198.714285714286;198.283333333333
2018-08-21;2018;34;174;174;190;198.633333333333
2018-08-22;2018;34;185;185;192.428571428571;200.166666666667
2018-08-23;2018;34;168;168;190.857142857143;204.25
2018-08-24;2018;34;156;156;181;208.383333333333
2018-08-27;2018;35;215;215;197.857142857143;213.833333333333
2018-08-28;2018;35;159;159;186;219.133333333333
2018-08-29;2018;35;210;210;186.571428571429;220.1
2018-08-30;2018;35;292;292;209.428571428571;222.666666666667
2018-08-31;2018;35;102;102;220.571428571429;227.15
2018-09-03;2018;36;172;172;249;232.633333333333
2018-09-04;2018;36;316;316;267.285714285714;235.85
2018-09-05;2018;36;293;293;240.571428571429;234.4
2018-09-06;2018;36;358;358;259.571428571429;233.583333333333
2018-09-07;2018;36;338;338;253.571428571429;237.35
2018-09-08;2018;36;105;105;271;239.25
2018-09-10;2018;37;235;235;255;240.8
2018-09-11;2018;37;130;130;254.714285714286;242.666666666667
2018-09-12;2018;37;438;438;237.714285714286;240.233333333333
2018-09-13;2018;37;181;181;261;239.433333333333
2018-09-14;2018;37;356;356;274.428571428571;240.633333333333
2018-09-15;2018;37;219;219;295.714285714286;242.916666666667
2018-09-17;2018;38;268;268;279.285714285714;245.9
2018-09-18;2018;38;329;329;285;245.6
2018-09-19;2018;38;279;279;249.714285714286;249.666666666667
2018-09-20;2018;38;323;323;255.142857142857;257.716666666667
2018-09-21;2018;38;221;221;265;260.516666666667
2018-09-22;2018;38;109;109;250.285714285714;258.483333333333
2018-09-24;2018;39;257;257;256.142857142857;252.883333333333
2018-09-25;2018;39;337;337;231.571428571429;248.85
2018-09-26;2018;39;226;226;208;252
2018-09-27;2018;39;320;320;223.857142857143;256.75
2018-09-28;2018;39;151;151;219;260.15
2018-09-29;2018;39;56;56;212;258.216666666667
2018-10-01;2018;40;220;220;216.857142857143;252.666666666667
2018-10-02;2018;40;223;223;203.142857142857;249.116666666667
2018-10-03;2018;40;288;288;240.714285714286;248.1
2018-10-04;2018;40;260;260;281.714285714286;248.333333333333
2018-10-05;2018;40;224;224;295;246
2018-10-08;2018;41;414;414;288;243.4
2018-10-09;2018;41;343;343;267;237.583333333333
2018-10-10;2018;41;313;313;274.571428571429;229.933333333333
2018-10-11;2018;41;174;174;288.142857142857;228.483333333333
2018-10-13;2018;41;141;141;272.714285714286;229.516666666667
2018-10-15;2018;42;313;313;261.285714285714;228.116666666667
2018-10-16;2018;42;319;319;243.571428571429;224.883333333333
2018-10-17;2018;42;306;306;232.571428571429;218.65
2018-10-18;2018;42;263;263;244.857142857143;215.083333333333
2018-10-19;2018;42;189;189;241.142857142857;217.283333333333
2018-10-20;2018;42;97;97;226.142857142857;218.416666666667
2018-10-22;2018;43;227;227;217.142857142857;216.616666666667
2018-10-23;2018;43;287;287;209.428571428571;213.066666666667
2018-10-24;2018;43;214;214;188.714285714286;208.866666666667
2018-10-25;2018;43;243;243;180.714285714286;206.783333333333
2018-10-26;2018;43;209;209;177.142857142857;203.866666666667
2018-10-27;2018;43;44;44;168.428571428571;198.75
2018-10-28;2018;43;41;41;178.428571428571;193.7
2018-10-29;2018;44;202;202;155.857142857143;191.933333333333
2018-10-30;2018;44;226;226;138.428571428571;194.8
2018-10-31;2018;44;284;284;156.428571428571;195.95
2018-11-02;2018;44;85;85;174.714285714286;192.383333333333
2018-11-03;2018;44;87;87;170.857142857143;189.183333333333
2018-11-05;2018;45;170;170;161.428571428571;189.566666666667
2018-11-06;2018;45;169;169;140.571428571429;191.95
2018-11-07;2018;45;175;175;151;196.15
2018-11-08;2018;45;160;160;167.285714285714;202.416666666667
2018-11-09;2018;45;138;138;180.428571428571;205.3
2018-11-12;2018;46;158;158;183.142857142857;202.1
2018-11-13;2018;46;201;201;181.714285714286;199.216666666667
2018-11-14;2018;46;262;262;189.714285714286;199.766666666667
2018-11-15;2018;46;188;188;208.714285714286;204.566666666667
2018-11-16;2018;46;165;165;222.142857142857;209.633333333333
2018-11-19;2018;47;216;216;217.142857142857;211.666666666667
2018-11-20;2018;47;271;271;217.857142857143;212.6
2018-11-21;2018;47;252;252;237.428571428571;213.266666666667
2018-11-22;2018;47;166;166;252.428571428571;216.683333333333
2018-11-23;2018;47;267;267;259.857142857143;222.016666666667
2018-11-26;2018;48;325;325;282.857142857143;221.916666666667
2018-11-27;2018;48;270;270;283.285714285714;219.733333333333
2018-11-28;2018;48;268;268;267.285714285714;220.85
2018-11-29;2018;48;432;432;262;223.533333333333
2018-11-30;2018;48;255;255;252;229.483333333333
2018-12-01;2018;48;54;54;254.285714285714;231.516666666667
2018-12-03;2018;49;230;230;230.714285714286;228.966666666667
2018-12-04;2018;49;255;255;206.428571428571;224.733333333333
2018-12-05;2018;49;286;286;201.714285714286;221.733333333333
2018-12-06;2018;49;103;103;240.857142857143;220.816666666667
2018-12-10;2018;50;262;262;243.142857142857;218.383333333333
2018-12-11;2018;50;222;222;241.857142857143;216.55
2018-12-12;2018;50;328;328;201.714285714286;215.233333333333
2018-12-13;2018;50;246;246;216;215.6
2018-12-14;2018;50;246;246;208.285714285714;216.366666666667
2018-12-16;2018;50;5;5;217.714285714286;215.166666666667
2018-12-17;2018;51;203;203;223.285714285714;214.733333333333
2018-12-18;2018;51;208;208;195.428571428571;214.2
2018-12-19;2018;51;288;288;182.428571428571;209.933333333333
2018-12-20;2018;51;367;367;189.428571428571;203.2
2018-12-21;2018;51;51;51;191.285714285714;202.566666666667
2018-12-22;2018;51;155;155;173.285714285714;205.466666666667
2018-12-28;2018;52;54;54;154;204.733333333333
2019-01-03;2019;1;216;216;133.571428571429;202.616666666667
2019-01-04;2019;1;82;82;157.714285714286;202.133333333333
2019-01-08;2019;2;153;153;167;202.466666666667
2019-01-09;2019;2;224;224;196.285714285714;201.65
2019-01-10;2019;2;220;220;202.714285714286;198.966666666667
2019-01-11;2019;2;220;220;235;195.683333333333
2019-01-14;2019;2;259;259;241.428571428571;194.283333333333
2019-01-15;2019;3;261;261;244.571428571429;196.85
2019-01-16;2019;3;308;308;218.428571428571;200.016666666667
2019-01-17;2019;3;198;198;220.428571428571;199.7
2019-01-18;2019;3;246;246;215.428571428571;198.133333333333
2019-01-20;2019;3;37;37;209.142857142857;193.5
2019-01-21;2019;3;234;234;193.285714285714;192.766666666667
2019-01-22;2019;4;224;224;188.285714285714;196.116666666667
2019-01-23;2019;4;217;217;184.857142857143;200.2
2019-01-24;2019;4;197;197;210;203.983333333333
2019-01-25;2019;4;163;163;201.714285714286;206.733333333333
2019-01-28;2019;4;222;222;198.428571428571;210.033333333333
2019-01-29;2019;5;213;213;197;212.466666666667
2019-01-30;2019;5;176;176;197.142857142857;215.216666666667
2019-01-31;2019;5;201;201;202.428571428571;216.033333333333
2019-02-01;2019;5;207;207;198.142857142857;215.633333333333
2019-02-04;2019;5;198;198;197.714285714286;215.416666666667
2019-02-05;2019;6;200;200;196.428571428571;212.583333333333
2019-02-06;2019;6;192;192;197.285714285714;NA
2019-02-07;2019;6;210;210;196.285714285714;NA
2019-02-08;2019;6;167;167;204.285714285714;NA
2019-02-11;2019;6;207;207;210.428571428571;NA
2019-02-12;2019;7;200;200;214.428571428571;NA
2019-02-13;2019;7;254;254;214.857142857143;NA
2019-02-14;2019;7;243;243;235.285714285714;NA
2019-02-15;2019;7;220;220;248.428571428571;NA
2019-02-18;2019;7;213;213;247;NA
2019-02-19;2019;8;310;310;248.571428571429;NA
2019-02-20;2019;8;299;299;248.428571428571;NA
2019-02-21;2019;8;190;190;239.428571428571;NA
2019-02-22;2019;8;265;265;NA;NA
2019-02-25;2019;8;242;242;NA;NA
2019-02-26;2019;9;157;157;NA;NA
